"","feature","bin_var","ntrain_controls","natrain_controls","mtrain_controls","strain_controls","nvalid_controls","navalid_controls","mvalid_controls","svalid_controls","ntest_controls","natest_controls","mtest_controls","stest_controls","ndev_controls","nadev_controls","mdev_controls","sdev_controls","ntrain_cases","natrain_cases","mtrain_cases","strain_cases","nvalid_cases","navalid_cases","mvalid_cases","svalid_cases","ntest_cases","natest_cases","mtest_cases","stest_cases","ndev_cases","nadev_cases","mdev_cases","sdev_cases"
"1","gender",TRUE,5128437,6,0.915953925143275,0.27745692849302,2564217,4,0.91619586017876,0.277093911721873,2564221,2,0.916329754728629,0.276892696233304,7692654,10,0.916034570123653,0.277335981186289,5697,0,0.992978760751273,0.0835054815848277,2848,0,0.995435393258427,0.0674193376747668,2850,0,0.991929824561404,0.089486632976896,8545,0,0.993797542422469,0.078515657915903
"2","bmi",FALSE,3374928,1753515,29.2983219783564,5.80615233350658,1687554,876667,29.3027045853256,5.80173103005061,1686721,877502,29.3013885977152,5.80237140753279,5062482,2630182,29.2997828992883,5.80467868212539,4897,800,29.7893899620029,6.15448062267885,2441,407,29.8031132404277,6.16689060034702,2449,401,30.0161730052611,6.21167050968717,7338,1207,29.7939550373143,6.15819472045239
"3","weight",FALSE,3395476,1732967,200.718047330448,43.6430918332056,1697907,866314,200.744586645853,43.6425619603105,1697044,867179,200.761903715225,43.6404970380839,5093383,2599281,200.726894355971,43.642912706896,4901,796,206.470881452765,46.4803647189494,2445,403,206.636711656442,45.7979460082743,2451,399,208.030762953896,46.7812932186957,7346,1199,206.526075415192,46.2512984999096
"4","asian",TRUE,4458636,669807,0.0123721694258064,0.11054004518749,2229684,334537,0.0123820236410182,0.11058351873619,2229682,334541,0.0123035482189837,0.110236910199762,6688320,1004344,0.0123754545237069,0.110554531686624,5228,469,0.00306044376434583,0.0552418425031896,2617,231,0.0022927015666794,0.0478363825118449,2628,222,0.00190258751902588,0.0435854396015758,7845,700,0.00280433397068196,0.0528850280545551
"5","black",TRUE,4458636,669807,0.168626458854233,0.374421697650167,2229684,334537,0.169006908602295,0.374758103895202,2229682,334541,0.16870073849096,0.374487466039668,6688320,1004344,0.168753289316301,0.374533893839336,5228,469,0.0556618209640398,0.229289421512583,2617,231,0.0550248376003057,0.228072316199264,2628,222,0.0593607305936073,0.23634358318731,7845,700,0.0554493307839388,0.228869787301964
"6","hawaiianpacific",TRUE,4458636,669807,0.0116371912845094,0.107246303634105,2229684,334537,0.011603886470011,0.107094544364728,2229682,334541,0.0116935957683652,0.107502840751112,6688320,1004344,0.0116260884646667,0.107195728691665,5228,469,0.00726855394032135,0.0849535316215053,2617,231,0.00726022162781811,0.084913285028997,2628,222,0.00799086757990868,0.0890507222367122,7845,700,0.00726577437858509,0.08493469523954
"7","indianalaskan",TRUE,4458636,669807,0.0108281994762523,0.10349372915616,2229684,334537,0.0108333736977975,0.103518194140891,2229682,334541,0.0108365228763564,0.103533074211879,6688320,1004344,0.0108299244055308,0.103501877976174,5228,469,0.00707727620504973,0.0838363451517144,2617,231,0.00611387084447841,0.077966750898056,2628,222,0.00684931506849315,0.0824923715861967,7845,700,0.00675589547482473,0.0819213574982696
"8","agentorange",FALSE,5128443,0,0.0934905584404467,0.291118687906572,2564221,0,0.0940402562805624,0.291884771278727,2564223,0,0.0941014100567696,0.29196980653249,7692664,0,0.0936737910299995,0.291374369051958,5697,0,0.153063015622257,0.360079835282302,2848,0,0.156601123595506,0.363488106268702,2850,0,0.16280701754386,0.369254294820617,8545,0,0.154242246928028,0.361201944069305
"9","age",FALSE,5095881,32562,59.5904923996459,17.1987939990015,2547945,16276,59.5855208805527,17.1987763305447,2547699,16524,59.5769829952441,17.1985122245693,7643826,48838,59.5888352246635,17.1987871441752,5672,25,66.8476727785614,8.91855020152797,2835,13,66.7654320987654,9.04838815922792,2834,16,66.5899788285109,9.0672966466415,8507,38,66.8202656635712,8.96158026161017
"10","smoke_current",TRUE,2926429,2202014,0.434620487973568,0.495707175028682,1464306,1099915,0.434680319550695,0.495715147198146,1462218,1102005,0.43451455254962,0.495693276344062,4390735,3301929,0.434640441748363,0.495709778106418,4055,1642,0.482367447595561,0.499750621703678,1978,870,0.493427704752275,0.500083230382658,2008,842,0.482569721115538,0.499820565829808,6033,2512,0.485993701309465,0.499845212738624
"11","smoke_former",TRUE,2926429,2202014,0.417173285256536,0.493092099317094,1464306,1099915,0.416916955882172,0.493049058203681,1462218,1102005,0.416911842146657,0.49304819670742,4390735,3301929,0.417087799650856,0.493077704226919,4055,1642,0.440443896424168,0.496501624463434,1978,870,0.442871587462083,0.496851233159756,2008,842,0.440239043824701,0.496539437190123,6033,2512,0.441239847505387,0.496576396635737
"12","gerd",TRUE,4345448,782995,0.203940997568028,0.402925681037733,2172420,391801,0.203993702875135,0.402964448566766,2171958,392265,0.20376913365728,0.40279938992854,6517868,1174796,0.203958564364913,0.402938572610054,5290,407,0.32703213610586,0.469173453374006,2643,205,0.329928111993946,0.470275696010186,2635,215,0.343453510436433,0.474951371468776,7933,612,0.327996974662801,0.469513309016201
"13","chf",TRUE,4345448,782995,0.0585783099924329,0.234833780111799,2172420,391801,0.0588969904530433,0.23543185953285,2171958,392265,0.0586355721427396,0.234941412347678,6517868,1174796,0.0586845269035819,0.235033320363211,5290,407,0.0998109640831758,0.299776122100099,2643,205,0.102913356034809,0.303903177411701,2635,215,0.122201138519924,0.32758013469322,7933,612,0.100844573301399,0.301141788653257
"14","ctd",TRUE,4345448,782995,0.015128934922245,0.122065776035918,2172420,391801,0.0150463538358145,0.121737290482136,2171958,392265,0.0151204581304059,0.122032113530591,6517868,1174796,0.0151014104612119,0.121956386242096,5290,407,0.0192816635160681,0.137526202196787,2643,205,0.0174044646235339,0.130797638321593,2635,215,0.0239089184060721,0.152794443755915,7933,612,0.0186562460607589,0.13531629128347
"15","dem",TRUE,4345448,782995,0.012585813936791,0.111478312169714,2172420,391801,0.0126177258541167,0.111617761056416,2171958,392265,0.0125656205138404,0.111389996892165,6517868,1174796,0.0125964502502967,0.111524802620979,5290,407,0.0151228733459357,0.122053218366025,2643,205,0.00681044267877412,0.082259472122618,2635,215,0.010246679316888,0.100725047420416,7933,612,0.0123534602294214,0.110464430613894
"16","diab_c",TRUE,4345448,782995,0.0700443314475277,0.255221742940464,2172420,391801,0.0702460850111851,0.255561348047339,2171958,392265,0.0699695850472243,0.255095809797943,6517868,1174796,0.0701115763620857,0.255334982375619,5290,407,0.134026465028355,0.340712952490065,2643,205,0.116912599318956,0.321376914894516,2635,215,0.140417457305503,0.347485566579942,7933,612,0.128324719526031,0.334472103377522
"17","hiv",TRUE,4345448,782995,0.00385023592504152,0.0619307071733449,2172420,391801,0.00389381427164173,0.0622788428558761,2171958,392265,0.00381038675701835,0.0616106277962825,6517868,1174796,0.00386476068554934,0.0620469572263628,5290,407,0.00359168241965974,0.0598285791520055,2643,205,0.00264850548618994,0.0514051623106715,2635,215,0.00265654648956357,0.0514829596159487,7933,612,0.00327744863229547,0.0571587158862058
"18","mld",TRUE,4345448,782995,0.0395335532722978,0.194860617303741,2172420,391801,0.0393179035361486,0.1943502595438,2171958,392265,0.0395385177798099,0.194872370735106,6517868,1174796,0.0394616767323306,0.194690674191846,5290,407,0.0676748582230624,0.251210870104158,2643,205,0.0696178584941354,0.254550050579879,2635,215,0.0629981024667932,0.243005662659282,7933,612,0.068322198411698,0.252313893023782
"19","msld",TRUE,4345448,782995,0.00378096803827816,0.061373228575499,2172420,391801,0.00375848132497397,0.0611911502318075,2171958,392265,0.00376894949165683,0.0612759842036355,6517868,1174796,0.00377347316637896,0.0613125977544584,5290,407,0.00756143667296786,0.0866353287726489,2643,205,0.0102156640181612,0.100574009400841,2635,215,0.0079696394686907,0.0889332664486643,7933,612,0.00844573301399218,0.091517530464152
"20","para",TRUE,4345448,782995,0.00952790138093938,0.0971448539447144,2172420,391801,0.00948435385422699,0.0969247399304816,2171958,392265,0.00949005459589913,0.0969535857385251,6517868,1174796,0.00951338689276919,0.0970715396411189,5290,407,0.0141776937618147,0.11823421398543,2643,205,0.0132425274309497,0.11433332337593,2635,215,0.0140417457305503,0.117685305838558,7933,612,0.0138661288289424,0.11694264913059
"21","rd",TRUE,4345448,782995,0.0551280328288358,0.228230026097076,2172420,391801,0.055257270693512,0.228481790870363,2171958,392265,0.0553003326951992,0.228565592231325,6517868,1174796,0.0551711080985385,0.22831396130617,5290,407,0.0896030245746692,0.285639188407631,2643,205,0.0919409761634506,0.288997289442615,2635,215,0.101328273244782,0.301820187537262,7933,612,0.0903819488213791,0.286746258703347
"22","cd",TRUE,4345448,782995,0.0736849227053225,0.261257479469171,2172420,391801,0.0737279163329369,0.261327652807959,2171958,392265,0.0735511460166355,0.261039089619807,6517868,1174796,0.073699252577684,0.261280851233125,5290,407,0.133270321361059,0.339898782504962,2643,205,0.122966326144533,0.328460695463599,2635,215,0.126375711574953,0.332335382400703,7933,612,0.129837388125551,0.336145629594296
"23","copd",TRUE,4345448,782995,0.172070635754931,0.377441869497941,2172420,391801,0.172115428876553,0.377480825487145,2171958,392265,0.171643742650641,0.377070595143961,6517868,1174796,0.172085565402678,0.377454825696282,5290,407,0.326086956521739,0.46882385029901,2643,205,0.320847521755581,0.46689063665676,2635,215,0.334345351043643,0.471850645637329,7933,612,0.324341358880625,0.468157740128235
"24","diab_nc",TRUE,4345448,782995,0.214376515378853,0.410389161395018,2172420,391801,0.214539085443884,0.410502306728777,2171958,392265,0.213706250305025,0.409921902625018,6517868,1174796,0.214430700345573,0.410426852117703,5290,407,0.341965973534972,0.474413103081829,2643,205,0.328036322360953,0.469586973848262,2635,215,0.350664136622391,0.477268526013289,7933,612,0.33732509769318,0.472826667831926
"25","mi",TRUE,4345448,782995,0.0337440466437523,0.180569636049916,2172420,391801,0.0337867447362848,0.180679870609678,2171958,392265,0.0337916294882315,0.180692474378917,6517868,1174796,0.0337582780136087,0.180606372212234,5290,407,0.0722117202268431,0.258862617923275,2643,205,0.0646992054483541,0.246040896162673,2635,215,0.0743833017077799,0.262443451525801,7933,612,0.0697088112945922,0.25467168786966
"26","pud",TRUE,4345448,782995,0.0185041910523379,0.134765686082674,2172420,391801,0.0184867567045047,0.134703395961246,2171958,392265,0.0184133394844651,0.134440681101946,6517868,1174796,0.0184983801451638,0.134744917762317,5290,407,0.0328922495274102,0.178371421152475,2643,205,0.0268634127884979,0.161714762874086,2635,215,0.0273244781783681,0.16305809201318,7933,612,0.0308836505735535,0.173013363660815
"27","pvd",TRUE,4345448,782995,0.0773347189979028,0.267121838597746,2172420,391801,0.0777091906721539,0.26771347621725,2171958,392265,0.0771032404862338,0.266755250285853,6517868,1174796,0.0774595312454918,0.267319215972905,5290,407,0.165217391304348,0.371411741591996,2643,205,0.157396897465002,0.364243479190345,2635,215,0.163946869070209,0.370297625253886,7933,612,0.162611874448506,0.36903444258442
"28","h2r_int",FALSE,451432,4677011,339543.918322632,389631.935146549,226166,2338055,340642.534162827,390182.345120863,224802,2339421,339495.575127811,389376.597328672,677598,7015066,339910.610004298,389815.79157338,723,4974,408236.40013452,431066.485914552,341,2507,406555.500148686,457674.390833528,335,2515,364158.100824965,379706.852956912,1064,7481,407697.690646579,439554.065747602
"29","h2r_mean",FALSE,451434,4677009,499.613042047806,228.615684190219,226166,2338055,500.490859175265,229.409402871548,224802,2339421,499.840494541148,229.258684592812,677600,7015064,499.906035537252,228.881118786611,723,4974,518.289802098431,237.432722194783,341,2507,503.383608487248,260.36134990308,335,2515,486.471954822005,217.901112478727,1064,7481,513.512535161013,244.990562451284
"30","h2r_max",FALSE,451434,4677009,821.958272684554,334.155449247438,226166,2338055,823.139237995874,333.435498722199,224802,2339421,822.658015544278,334.302586195679,677600,7015064,822.352449485912,333.915538634035,723,4974,838.062066793453,348.369788667723,341,2507,813.160619144347,359.890481256641,335,2515,792.736299657711,332.262406074782,1064,7481,830.081433665309,352.125497649077
"31","h2r_maxdiff",FALSE,451432,4677011,126.529195135458,255.496146538398,226166,2338055,126.794711954015,255.9215477203,224801,2339422,127.413283421068,256.119778332229,677598,7015066,126.617818296662,255.638055799901,723,4974,157.497385123062,276.537018047014,341,2507,146.911322101171,279.242824954744,335,2515,153.966727480866,285.298444572887,1064,7481,154.104671316234,277.319689165392
"32","h2r_tv",FALSE,451432,4677011,28.3216561487761,46.0770340549467,226166,2338055,28.2433875659242,46.0214493333493,224801,2339422,28.367772497659,46.5155040520969,677598,7015066,28.2955319684963,46.0584694919177,723,4974,28.6985679185717,34.8073472467501,341,2507,28.4603834990066,39.7090293373791,335,2515,29.3497021444455,39.4385987781135,1064,7481,28.6222324983915,36.431454163491
"33","ppi_int",FALSE,1068657,4059786,16478.1248376538,16447.036344322,535048,2029173,16513.0726292096,16462.6371635799,534288,2029935,16483.9416858076,16409.5865347028,1603705,6088959,16489.7845543575,16452.246047507,1885,3812,20670.9198113686,19269.1831742608,936,1912,21501.1966168091,20907.2150161685,956,1894,20367.2061134356,18358.0643753892,2821,5724,20946.4033597175,19827.8263736077
"34","ppi_mean",FALSE,1068657,4059786,18.6788667342765,9.26183975190382,535051,2029170,18.707196073192,9.30070061757405,534290,2029933,18.6946508031614,9.27699936974925,1603708,6088956,18.6883183558411,9.27482986427448,1885,3812,20.1344894645442,10.7354768201262,936,1912,20.2775306090054,11.4596476122632,956,1894,19.5727333230485,9.75547775134298,2821,5724,20.1819501207709,10.9792222006326
"35","ppi_max",FALSE,1068657,4059786,32.279743346892,16.9116630484334,535051,2029170,32.3148477346961,16.957822479865,534290,2029933,32.2992042924065,16.8627986367125,1603708,6088956,32.2914553529423,16.9270801873993,1885,3812,34.3441379309284,19.1213361135032,936,1912,34.0714031339031,18.7582069850694,956,1894,33.9155230125523,18.2353872044865,2821,5724,34.2536452793808,18.9987281466983
"36","ppi_maxdiff",FALSE,1068656,4059787,7.09616239033586,11.5201511380059,535048,2029173,7.11738635519759,11.5445491740556,534285,2029938,7.06881663021069,11.4653744346469,1603704,6088960,7.10324339777323,11.5282976031648,1885,3812,8.62090918952523,12.9737836222254,936,1912,9.40031496271286,13.6176244958297,956,1894,7.9077882830577,12.1243932525464,2821,5724,8.87951387002988,13.19358275703
"37","ppi_tv",FALSE,1068656,4059787,1.12337594696557,1.51795396654493,535048,2029173,1.12432797065086,1.53611077393347,534285,2029938,1.12005180043734,1.51344265622708,1603704,6088960,1.12369357314146,1.52403530312295,1885,3812,1.22351587379371,1.45835507794086,936,1912,1.30555019280519,1.63123409541624,956,1894,1.15310413457996,1.34921059659812,2821,5724,1.25073463401872,1.51810163458525
"38","a1c_mean",FALSE,2065414,3063029,6.29533890602717,1.23926184890827,1032447,1531774,6.29694715059411,1.24235938131136,1032371,1531852,6.29520521463256,1.2399993132725,3097861,4594803,6.29587489756404,1.24029507702572,3031,2666,6.47672059527835,1.22154964912919,1484,1364,6.43869869187981,1.15607363076446,1547,1303,6.49225670841601,1.20474203951104,4515,4030,6.46422347354116,1.20042777035566
"39","a1c_max",FALSE,2065414,3063029,6.72691273691376,1.85434424956254,1032447,1531774,6.72993772116147,1.860624745246,1032371,1531852,6.72764416115912,1.85662834272788,3097861,4594803,6.72792089574064,1.85644000466584,3031,2666,7.06179683272847,1.93769644251361,1484,1364,7.00059973045822,1.90737093972637,1547,1303,7.05941790562379,1.91056088837753,4515,4030,7.04168243632337,1.92778475814684
"40","a1c_min",FALSE,2065414,3063029,5.95119530970546,0.933739153455984,1032447,1531774,5.95212925486732,0.936082608737196,1032371,1531852,5.95097091617258,0.934323289532652,3097861,4594803,5.95150657250277,0.934520779605761,3031,2666,6.0235070273837,0.878318947353769,1484,1364,6.0188409703504,0.814952479065414,1547,1303,6.05860303813833,0.88157910413116,4515,4030,6.02197337763012,0.857920477537154
"41","a1c_maxdiff",FALSE,1365454,3762989,0.0058528770273826,0.0417433409510268,682285,1881936,0.00597235779989658,0.0447640935021437,680831,1883392,0.00594890779524125,0.0444127716972058,2047739,5644925,0.00589268675844437,0.0427735548825562,2350,3347,0.00700358010263946,0.028528660948623,1151,1697,0.00670203807603672,0.036586331760342,1161,1689,0.0101094344181146,0.147329720325283,3501,5044,0.00690444417786946,0.0314016767181147
"42","a1c_mindiff",FALSE,1365454,3762989,-0.00828814890177104,0.0479038446957896,682285,1881936,-0.00836215912044835,0.0483928339336691,680831,1883392,-0.00823907587012995,0.0484339678413863,2047739,5644925,-0.00831280832470055,0.0480673241910869,2350,3347,-0.00986943728901025,0.0313962374785551,1151,1697,-0.00842683507976732,0.0226440662463894,1161,1689,-0.00907567209523419,0.0237247577897903,3501,5044,-0.00939516275520888,0.0288183457368188
"43","a1c_tv",FALSE,1365454,3762989,0.00409536820197555,0.0170454161600961,682285,1881936,0.00414186842349101,0.0175519914182241,680831,1883392,0.00410602657302427,0.0186348286499838,2047739,5644925,0.00411086158449973,0.0172158672869887,2350,3347,0.00440060349143664,0.00794711087517414,1151,1697,0.00401982334007507,0.00753954246475496,1161,1689,0.00422280250869311,0.0109225493312133,3501,5044,0.00427541698637604,0.0078164334691195
"44","bun_mean",FALSE,3242505,1885938,16.8188200888107,6.8308797801709,1621361,942860,16.8204059556087,6.81574374116283,1620613,943610,16.821813857067,6.8137287342793,4863866,2828798,16.819348734661,6.82583727839885,4196,1501,16.9985954701576,6.42826574964124,2086,762,17.1028750038629,6.70831111909143,2100,750,17.3595523436282,6.78413268966702,6282,2263,17.0332225168481,6.52224170343894
"45","bun_max",FALSE,3242505,1885938,21.1603165145466,11.367017205533,1621361,942860,21.1728673873369,11.3908772676099,1620613,943610,21.1650631582,11.356657187454,4863866,2828798,21.1645003254613,11.3749768432522,4196,1501,23.0953050524309,12.374190116979,2086,762,23.5300575263662,13.3460678765872,2100,750,23.831380952381,13.5157910926107,6282,2263,23.2396688952563,12.7057449676945
"46","bun_min",FALSE,3242505,1885938,13.4719445860531,5.61760861578163,1621361,942860,13.4709620127782,5.60826094121536,1620613,943610,13.4740174551235,5.61336030308755,4863866,2828798,13.4716170470157,5.61449375710197,4196,1501,12.6649428026692,5.08569924888649,2086,762,12.5918024928092,5.10636645102907,2100,750,12.8542380952381,5.0754419179687,6282,2263,12.6406558420885,5.09228130100645
"47","bun_maxdiff",FALSE,2680443,2448000,0.680043334550557,2.36934127717417,1339403,1224818,0.683104354804529,2.3630583783077,1338771,1225452,0.68109638301071,2.36597192410454,4019846,3672818,0.681063259122601,2.36724982863418,3852,1845,1.16519323601032,3.02846518802191,1923,925,1.20971121358546,2.97371171228049,1925,925,1.27964253096898,3.17126457724052,5775,2770,1.18001714438729,3.01015918501744
"48","bun_mindiff",FALSE,2680443,2448000,-0.953752937994933,3.4148435036137,1339403,1224818,-0.961973001561295,3.43810219535739,1338771,1225452,-0.960258130412306,3.43706197700766,4019846,3672818,-0.956491843366178,3.42261256745246,3852,1845,-1.64545331822927,4.13664323978877,1923,925,-1.91368255492775,4.78386436634143,1925,925,-1.74729347689494,4.59064497711848,5775,2770,-1.73477017055328,4.36425062977842
"49","bun_tv",FALSE,2680443,2448000,0.222286464136912,0.652644582430147,1339403,1224818,0.223020693330962,0.646765930146751,1338771,1225452,0.223156302738894,0.651099566644686,4019846,3672818,0.222531107534992,0.650691741233602,3852,1845,0.376395334139973,0.860181294452357,1923,925,0.398281917875002,0.820438485558593,1925,925,0.401409912232691,0.916226090278974,5775,2770,0.383683282282391,0.847146262646854
"50","calc_mean",FALSE,3034103,2094340,9.31361106699516,0.391360624893333,1517738,1046483,9.31350086293252,0.391455795313461,1516852,1047371,9.31335879794141,0.390688196195753,4551841,3140823,9.3135743212271,0.391392320955901,3959,1738,9.24961105654932,0.394717847935489,1969,879,9.23945970843435,0.423176196003631,1986,864,9.23921263753353,0.422641256938627,5928,2617,9.24623926092881,0.404385071172172
"51","calc_max",FALSE,3034103,2094340,9.62743526175611,0.457510919923652,1517738,1046483,9.62704326438423,0.457922903425744,1516852,1047371,9.62701405938087,0.45708664400225,4551841,3140823,9.62730455655195,0.457648317407209,3959,1738,9.66316746653195,0.468464987118633,1969,879,9.67334179786694,0.466456549842832,1986,864,9.65971802618328,0.477354929811082,5928,2617,9.66654689608637,0.467784033828854
"52","calc_min",FALSE,3034103,2094340,8.98927181773328,0.583052897043849,1517738,1046483,8.9891267267473,0.584091826338242,1516852,1047371,8.98876020864264,0.58439139025449,4551841,3140823,8.98922343948306,0.583399456720939,3959,1738,8.80986865370043,0.67171503959369,1969,879,8.78438801422042,0.703959001787555,1986,864,8.78595166163142,0.808535651612981,5928,2617,8.80140519568151,0.682639998158774
"53","calc_maxdiff",FALSE,2435855,2692588,0.0669962348117634,0.246072355089962,1217116,1347105,0.0671781186183339,0.247276172398944,1216615,1347608,0.0668406876504326,0.243896154233605,3652971,4039693,0.0670568358105443,0.246474083454151,3520,2177,0.110068021602113,0.329009139375958,1772,1076,0.114405925959305,0.30601461611805,1749,1101,0.129007804468496,0.430575563960713,5292,3253,0.111520547399721,0.32147029770552
"54","calc_mindiff",FALSE,2435855,2692588,-0.0991927772151177,0.313581265206686,1217116,1347105,-0.0995234256265693,0.312951892387446,1216615,1347608,-0.099444402847631,0.312353093003384,3652971,4039693,-0.0993029443836915,0.313371703812705,3520,2177,-0.164068819804471,0.378911163970805,1772,1076,-0.17410297752929,0.363490343948308,1749,1101,-0.167011279728852,0.380304910163295,5292,3253,-0.167428707840824,0.373814057433597
"55","calc_tv",FALSE,2435855,2692588,0.0238425068586694,0.0705703602545042,1217116,1347105,0.0238266384586588,0.069182759837738,1216615,1347608,0.0237894186516451,0.0687265019145572,3652971,4039693,0.0238372197420875,0.0701110740046319,3520,2177,0.0379051041785411,0.084947069469055,1772,1076,0.0414859605986762,0.0836737326008856,1749,1101,0.0385243118164915,0.0816164442672229,5292,3253,0.0391041362224714,0.0845318239331144
"56","chlor_mean",FALSE,3237840,1890603,103.574888938958,2.98172795213164,1619042,945179,103.573279369927,2.97642048203005,1618552,945671,103.572352441972,2.9958314754851,4856882,2835782,103.574352388994,2.97995954708722,4193,1504,103.267210644058,3.26558173678096,2091,757,103.313645972363,3.0227828023389,2093,757,103.392008610177,3.07049433374327,6284,2261,103.282661992162,3.18667892563252
"57","chlor_max",FALSE,3237840,1890603,105.878530579028,3.38109136642143,1619042,945179,105.877849302242,3.37568788637815,1618552,945671,105.876223284763,3.38886126206629,4856882,2835782,105.878303475357,3.37929074370671,4193,1504,106.335370856189,3.45079660319772,2091,757,106.413385939742,3.62815712559596,2093,757,106.388007644529,3.45804746241742,6284,2261,106.361330362826,3.5107116838107
"58","chlor_min",FALSE,3237840,1890603,101.102479659279,4.86893518620097,1619042,945179,101.098152333293,4.88553749560613,1618552,945671,101.094884674697,4.92421560885586,4856882,2835782,101.101037144818,4.87447577441624,4193,1504,99.90233245886,5.81698102714543,2091,757,100.004423720708,4.82542466983977,2093,757,100.138795986622,5.2125258098451,6284,2261,99.9363033099936,5.50671955107681
"59","chlor_maxdiff",FALSE,2671271,2457172,0.655022654214478,2.07453145802209,1334818,1229403,0.657140187748571,2.0617555237837,1334412,1229811,0.659340648133461,2.10485721140073,4006089,3686575,0.655728210650422,2.07028329303462,3857,1840,1.09966704211172,2.76239261943263,1928,920,1.21861288768342,3.19673786171956,1900,950,1.122762660036,2.43900145120206,5785,2760,1.13930880360908,2.91461212030671
"60","chlor_mindiff",FALSE,2671271,2457172,-0.495653888458529,1.56894439506807,1334818,1229403,-0.498001178969218,1.57012658279979,1334412,1229811,-0.49682057033932,1.58057503953239,4006089,3686575,-0.496435999296531,1.56933858979797,3857,1840,-0.847396921242654,1.85460384873335,1928,920,-0.888909674888305,1.89770932689793,1900,950,-0.931150515060978,1.97053852406698,5785,2760,-0.861232113814619,1.86901869422561
"61","chlor_tv",FALSE,2671271,2457172,0.159488932955077,0.435142281477962,1334818,1229403,0.159739768396925,0.432293848950033,1334412,1229811,0.16004163522163,0.437228249644825,4006089,3686575,0.159572510644643,0.434195229473574,3857,1840,0.262615631055534,0.545173379331316,1928,920,0.278553112526102,0.556123337680999,1900,950,0.273315254096438,0.558758569319581,5785,2760,0.267927206556874,0.548850353788862
"62","co2_mean",FALSE,3245033,1883410,27.2147759734751,2.37358450620578,1622784,941437,27.2140740713082,2.37411062327181,1622339,941884,27.2162800988541,2.37241163575324,4867817,2824847,27.2145419803719,2.37375968999682,4207,1490,26.9186369879473,2.37677709143463,2102,746,26.8607792153452,2.43867039690557,2102,748,26.9096525125817,2.40008171740147,6309,2236,26.899360234419,2.39753766944999
"63","co2_max",FALSE,3245033,1883410,29.1868671258505,2.85964479701518,1622784,941437,29.1857762339289,2.85921652105397,1622339,941884,29.1892154850497,2.86041118163177,4867817,2824847,29.1865034552449,2.85950178235713,4207,1490,29.4600404088424,2.92167822253362,2102,746,29.4887725975262,3.04972865213331,2102,748,29.5111322549952,3.1684291257362,6309,2236,29.4696132509114,2.96474488205173
"64","co2_min",FALSE,3245033,1883410,25.1601114719018,3.11707531899945,1622784,941437,25.1594421993315,3.1182098437824,1622339,941884,25.160596028327,3.11789804715532,4867817,2824847,25.1598883565261,3.11745327704642,4207,1490,24.2408367007369,3.09004427511355,2102,746,24.1809229305423,3.20338387611311,2102,748,24.2230732635585,3.1801735085319,6309,2236,24.2208749405611,3.12813586403821
"65","co2_maxdiff",FALSE,2682610,2445833,0.514416447544756,1.51588398083961,1340610,1223611,0.515086655416607,1.51551042173312,1339970,1224253,0.515847570721999,1.51948453694141,4023220,3669444,0.51463977298435,1.51575935896121,3875,1822,0.83827851113643,1.73807200076581,1940,908,0.91922583937651,1.86008669782429,1914,936,0.898276773468161,1.96139738609714,5815,2730,0.865284154607755,1.77995784522051
"66","co2_mindiff",FALSE,2682610,2445833,-0.450840460561118,1.42800152954106,1340610,1223611,-0.452567937771464,1.43218938603554,1339970,1224253,-0.453039082426381,1.43435733263611,4023220,3669444,-0.45141608735333,1.42939841640325,3875,1822,-0.744279733235592,1.62684411372526,1940,908,-0.749770473483948,1.70424487311852,1914,936,-0.830367410873467,1.93719917200945,5815,2730,-0.746111553713977,1.65292484522475
"67","co2_tv",FALSE,2682610,2445833,0.131605649081813,0.339241976102693,1340610,1223611,0.131655450985563,0.339758056719789,1339970,1224253,0.132079346219403,0.340724288252273,4023220,3669444,0.13162224398097,0.339413989301993,3875,1822,0.215704474654126,0.419631683967594,1940,908,0.222512169120097,0.421299196483592,1914,936,0.224945263750633,0.443232630193126,5815,2730,0.21797565733065,0.420164765243221
"68","creat_mean",FALSE,3270975,1857468,1.09401355812789,0.472288822272289,1636092,928129,1.09404290293428,0.467527319684804,1635229,928994,1.09432972557193,0.4709733816794,4907067,2785597,1.09402334214,0.470706568694115,4231,1466,1.08218081754891,0.366194966288862,2116,732,1.09118898442369,0.45292998572334,2111,739,1.10989398843864,0.497841262305276,6347,2198,1.08518401293367,0.397208006074452
"69","creat_max",FALSE,3270975,1857468,1.25809074055901,0.729797681605599,1636092,928129,1.25863438302981,0.727148468366323,1635229,928994,1.25894383679595,0.731468477722802,4907067,2785597,1.25827199936337,0.728915433880965,4231,1466,1.30579177499409,0.696954608714553,2116,732,1.33221077504726,0.796724586753038,2111,739,1.34242918048318,0.798754397940108,6347,2198,1.3145994958248,0.731772693615362
"70","creat_min",FALSE,3270975,1857468,0.972593477785676,0.363396547952916,1636092,928129,0.972604268097393,0.359100501329245,1635229,928994,0.972813256919979,0.361673346737812,4907067,2785597,0.972597075442418,0.361969809081097,4231,1466,0.928994327582132,0.260637905336719,2116,732,0.932538752362949,0.323931520812704,2111,739,0.95053671245855,0.351130918256741,6347,2198,0.930175988656058,0.283293898239636
"71","creat_maxdiff",FALSE,2721126,2407317,0.0303956960590356,0.151871355056867,1359665,1204556,0.0306101399944128,0.15102282101426,1358738,1205485,0.0306340180463666,0.153539019161054,4080791,3611873,0.030467145911134,0.15158917768841,3920,1777,0.0480197419609917,0.160129400033172,1960,888,0.051108649520237,0.159008087742349,1944,906,0.0542366497747779,0.190730535525096,5880,2665,0.0490493778140735,0.159749617228395
"72","creat_mindiff",FALSE,2721126,2407317,-0.0470265286935446,0.229398798662784,1359665,1204556,-0.0473340279624892,0.228884330230308,1358738,1205485,-0.0472726470371615,0.230662703076721,4080791,3611873,-0.0471289833386145,0.229227530704861,3920,1777,-0.0753219452102113,0.265902668852616,1960,888,-0.0828926063227641,0.255222305545308,1944,906,-0.0813990211764358,0.260068985860839,5880,2665,-0.0778454989143956,0.262393415836597
"73","creat_tv",FALSE,2721126,2407317,0.0092320027801001,0.0400893427541729,1359665,1204556,0.0092510023025085,0.0392214778742534,1358738,1205485,0.00927079379505212,0.0402151206172336,4080791,3611873,0.0092383331669382,0.0398022801595604,3920,1777,0.0142502291516318,0.0426223689454475,1960,888,0.014963270777797,0.0409401101167137,1944,906,0.0160096565027991,0.0559699886100579,5880,2665,0.0144879096936869,0.0420669509607155
"74","gluc_mean",FALSE,3212979,1915464,113.155575512025,35.2507533408345,1606801,957420,113.194644477751,35.367269126083,1606074,958149,113.146959629832,35.2676234111768,4819780,2872884,113.168600183939,35.2896408406254,4195,1502,120.156449516081,36.1857475691915,2079,769,118.823908496411,35.8004280640749,2096,754,120.713561510131,35.8737921781122,6274,2271,119.714888664966,36.0611240111717
"75","gluc_max",FALSE,3212979,1915464,141.087071040116,77.5383901330541,1606801,957420,141.183393068214,77.967754673879,1606074,958149,141.107590542466,77.6908283769792,4819780,2872884,141.119182532979,77.6817990351004,4195,1502,161.262345649583,83.3583548897661,2079,769,161.025925925926,85.5997518857565,2096,754,161.717080152672,84.7320731134068,6274,2271,161.184003825311,84.1009468780094
"76","gluc_min",FALSE,3212979,1915464,94.1918941998065,24.8494983013862,1606801,957420,94.2044798986931,24.9795185194243,1606074,958149,94.170446465854,24.8685243545828,4819780,2872884,94.1960899750403,24.8929175545334,4195,1502,93.5144934445769,24.3287978507725,2079,769,92.3600288600289,25.6641967608445,2096,754,94.0462786259542,23.7017316162798,6274,2271,93.1319413452343,24.7831912941905
"77","gluc_maxdiff",FALSE,2635300,2493143,7.20152958509392,28.2788688144613,1316822,1247399,7.25531515025385,28.7808690927992,1316201,1248022,7.22251041169938,28.6684236226684,3952122,3740542,7.21945059448709,28.4471238907145,3861,1836,12.565092845274,34.393477590016,1917,931,12.917462802835,34.3144744668324,1914,936,12.7376303565193,32.6767351489162,5778,2767,12.6820006349321,34.3647169730668
"78","gluc_mindiff",FALSE,2635300,2493143,-9.41651296703825,37.9760996620618,1316822,1247399,-9.49521663296302,38.5880169420593,1316201,1248022,-9.45506463137786,38.1500717230143,3952122,3740542,-9.44273652966368,38.181089217682,3861,1836,-14.9141461109272,40.8957441430156,1917,931,-17.1546135984065,47.0515805786826,1914,936,-15.613261174911,41.7059023391237,5778,2767,-15.6574787820068,43.0446588403848
"79","gluc_tv",FALSE,2635300,2493143,2.01319201312404,6.86343783048263,1316822,1247399,2.02599791510317,6.88004493705303,1316201,1248022,2.02039338814066,6.91875361958367,3952122,3740542,2.01745885849369,6.86897745511693,3861,1836,3.33845244150446,8.45196088946334,1917,931,3.45504469147653,8.36661662464119,1914,936,3.32876332822031,7.59519894817121,5778,2767,3.37713491696248,8.42319636743135
"80","k_mean",FALSE,3270201,1858242,4.26734867784164,0.349071097579055,1635466,928755,4.26719616322828,0.34939359056591,1634731,929492,4.26690862331351,0.349129362199539,4905667,2786997,4.26729783206172,0.349178616147304,4208,1489,4.26934758532537,0.324993240867707,2104,744,4.27442077283828,0.333937022442468,2113,737,4.26329320367041,0.328328373950952,6312,2233,4.27103864782967,0.327983858114437
"81","k_max",FALSE,3270201,1858242,4.60967278158132,0.48895327634671,1635466,928755,4.60937204442037,0.489389015098411,1634731,929492,4.60925661163825,0.489256008789945,4905667,2786997,4.60957252092325,0.489098558045142,4208,1489,4.71796340304182,0.470723905378576,2104,744,4.72989543726236,0.485741623568978,2113,737,4.71002366303833,0.486364790735378,6312,2233,4.721940747782,0.475777245793893
"82","k_min",FALSE,3270201,1858242,3.9539377151435,0.421833231651486,1635466,928755,3.95404696887615,0.422002868826673,1634731,929492,3.95391964794208,0.421545222566042,4905667,2786997,3.95397413848107,0.421889753513948,4208,1489,3.85914448669202,0.418801622705112,2104,744,3.85776615969582,0.42815504019613,2113,737,3.85845243729295,0.426050417301006,6312,2233,3.85868504435995,0.421909041246376
"83","k_maxdiff",FALSE,2712752,2415691,0.077268037241409,0.226256649316188,1355749,1208472,0.0775673311870059,0.226673774070345,1354755,1209468,0.0773986449395323,0.226400260281934,4068501,3624163,0.0773677711403189,0.226395749523726,3886,1811,0.125917392774621,0.269478936595667,1948,900,0.138132289073987,0.29422472770882,1937,913,0.13499925574553,0.293447944322119,5834,2711,0.129996004017536,0.278021185516514
"84","k_mindiff",FALSE,2712752,2415691,-0.0856231905788265,0.251280070467305,1355749,1208472,-0.0859757552863053,0.251506464022078,1354755,1209468,-0.0858993411949517,0.251844220135147,4068501,3624163,-0.0857406759252966,0.251355558408881,3886,1811,-0.146821706485112,0.318057987633066,1948,900,-0.148132314610862,0.301455826995951,1937,913,-0.149815493424556,0.314389841927553,5834,2711,-0.14725932469371,0.312587264638724
"85","k_tv",FALSE,2712752,2415691,0.0221117340815742,0.0564112339296181,1355749,1208472,0.0221298307608799,0.0562999010781855,1354755,1209468,0.0221401625146657,0.0564999143874672,4068501,3624163,0.0221177644487468,0.0563741525701793,3886,1811,0.0353046497299288,0.068583047045256,1948,900,0.037469086944802,0.0724500886605129,1937,913,0.0361180585454603,0.0701630958253466,5834,2711,0.036027365481484,0.0698993068037064
"86","na_mean",FALSE,3267070,1861373,139.290317377933,2.28096182227602,1633982,930239,139.289396879789,2.28146697135909,1633244,930979,139.292411242857,2.28225319344104,4901052,2791612,139.290010489249,2.28113005697158,4214,1483,138.767455752863,2.39775113279165,2109,739,138.773479343008,2.32890669149885,2116,734,138.88945088886,2.29095813689908,6323,2222,138.769464886441,2.37482774338191
"87","na_max",FALSE,3267070,1861373,141.340552430771,2.65296072157313,1633982,930239,141.337981109951,2.65343035148129,1633244,930979,141.340360717688,2.65365620813596,4901052,2791612,141.339695167486,2.65311730888754,4214,1483,141.451969625059,2.72679814358499,2109,739,141.498719772404,2.73979099877637,2116,734,141.504017013233,2.65966419745223,6323,2222,141.467562865728,2.73101097285307
"88","na_min",FALSE,3267070,1861373,137.116490317012,3.37533568203838,1633982,930239,137.114270799801,3.37952933693503,1633244,930979,137.117842386073,3.37761661947852,4901052,2791612,137.115750342988,3.37673421807147,4214,1483,135.833955861414,3.66532566592803,2109,739,135.837980085349,3.63720286547406,2116,734,136.012901701323,3.61325624630248,6323,2222,135.835298117982,3.65568232662257
"89","na_maxdiff",FALSE,2705776,2422667,0.513861929113763,1.49800503996421,1352364,1211857,0.515631169639261,1.50155389484176,1351448,1212775,0.514594223507204,1.49619915224214,4058140,3634524,0.514451523655603,1.49918866635564,3893,1804,0.861581786427966,1.82107444529093,1950,898,0.946604249613894,1.91075332030035,1947,903,0.892440266483651,1.89492857512321,5843,2702,0.889956560210707,1.85175672200677
"90","na_mindiff",FALSE,2705776,2422667,-0.465232036945724,1.34302293050845,1352364,1211857,-0.465933472996904,1.34329513491814,1351448,1212775,-0.466029966694403,1.34535028125529,4058140,3634524,-0.465465788581676,1.34311352319951,3893,1804,-0.803353850538767,1.71996721549229,1950,898,-0.841098061916172,1.69494769974596,1947,903,-0.822287034890697,1.70707046227163,5843,2702,-0.815950327038158,1.71160551897612
"91","na_tv",FALSE,2705776,2422667,0.134563148980737,0.341723831736227,1352364,1211857,0.134848595585175,0.344097863251841,1351448,1212775,0.134741697356605,0.342568475476636,4058140,3634524,0.134658273277031,0.342516783318275,3893,1804,0.222670392931335,0.442821832097136,1950,898,0.235672808347125,0.433629222072687,1947,903,0.224994292542172,0.436129879686804,5843,2702,0.227009723764946,0.439780950983932
"92","baso_mean",FALSE,2413766,2714677,0.527676809165475,5.32626391936335,1207173,1357048,0.53179301721518,5.36828065868832,1206861,1357362,0.534730848986169,5.39526881358044,3620939,4071725,0.529049098292684,5.34030808813068,3145,2552,0.329711490345713,3.95917575940773,1582,1266,0.405926000575423,5.20835409693284,1598,1252,0.346049983739206,4.54992964678037,4727,3818,0.355218440881656,4.4163417094601
"93","baso_max",FALSE,2413766,2714677,1.00917175525714,8.8221252533006,1207173,1357048,1.01083996568843,8.83578264639178,1206861,1357362,1.00745114375226,8.82047939060922,3620939,4071725,1.00972791447191,8.82667960998923,3145,2552,0.807377106518283,7.94936947334667,1582,1266,0.796932616940582,7.73427339587639,1598,1252,0.656619524405507,6.50854236685788,4727,3818,0.803881616247091,7.87721946126053
"94","baso_min",FALSE,2413766,2714677,0.249202627719506,4.14861848558082,1207173,1357048,0.251046849623045,4.18230692631217,1206861,1357362,0.257861631455486,4.23609216151418,3620939,4071725,0.249817466822832,4.15987959409112,3145,2552,0.132416852146264,3.10034935580231,1582,1266,0.290812262958281,5.036651211516,1598,1252,0.221899249061327,4.29367610112267,4727,3818,0.185427543896763,3.85830378315951
"95","baso_maxdiff",FALSE,1786461,3341982,0.126532621104297,3.14204798040611,893873,1670348,0.124500730387284,3.11136575487723,892945,1671278,0.124870322856032,3.12049931266836,2680334,5012330,0.12585499949039,3.13184864172365,2629,3068,0.102392617057407,2.76436999482012,1345,1503,0.111569111532849,2.73831000866614,1319,1531,0.18170060811556,3.8945947036254,3974,4571,0.10549840091988,2.75523631419324
"96","baso_mindiff",FALSE,1786461,3341982,-0.132980151490548,3.2142186763091,893873,1670348,-0.130691687073435,3.17014822997864,892945,1671278,-0.130515668499865,3.19632002029131,2680334,5012330,-0.132216964307937,3.19958853850283,2629,3068,-0.118567102030584,2.841097044214,1345,1503,-0.121811911695977,2.7570771127149,1319,1531,-0.258129973588302,4.76781386934606,3974,4571,-0.119665307616883,2.81259465981235
"97","baso_tv",FALSE,1786461,3341982,0.0316103901328701,0.82758318639324,893873,1670348,0.03213988824475,0.846474000063118,892945,1671278,0.0323807073806957,0.854263894979744,2680334,5012330,0.0317869741204479,0.833930582968043,2629,3068,0.0258868237162531,0.708073924214745,1345,1503,0.0187979519619768,0.412447835668896,1319,1531,0.0514032032919004,0.976520043141564,3974,4571,0.0234875956061621,0.623855362436252
"98","eos_mean",FALSE,2499535,2628908,1.21755050608513,8.6984488342118,1249655,1314566,1.20828890340715,8.64756322593731,1249491,1314732,1.22094602664473,8.72596724145098,3749190,3943474,1.21446349046454,8.68152106624736,3273,2424,1.00162665801197,7.3249551389569,1637,1211,1.02115616060121,7.63403162718233,1662,1188,1.08950407215159,8.11904283130114,4910,3635,1.00813781804019,7.42865840772056
"99","eos_max",FALSE,2499535,2628908,1.68697005587039,10.1391545872783,1249655,1314566,1.67865782579992,10.0880018750976,1249491,1314732,1.6844050552585,10.1222541906954,3749190,3943474,1.68419947879409,10.1221328412581,3273,2424,1.48184906813321,8.75148944782842,1637,1211,1.52346059865608,8.64219530967707,1662,1188,1.50515884476534,8.9358614485596,4910,3635,1.49572240325866,8.71434472278742
"100","eos_min",FALSE,2499535,2628908,0.858805187524879,7.90124456434172,1249655,1314566,0.851567074032433,7.8637844026716,1249491,1314732,0.868730517626778,7.96507771989835,3749190,3943474,0.856392627820943,7.88877804627967,3273,2424,0.585216315307058,6.27617323427587,1637,1211,0.652439828955406,6.81370446562063,1662,1188,0.819308664259928,7.75027561688365,4910,3635,0.607628716904277,6.45974141404368
"101","eos_maxdiff",FALSE,1858456,3269987,0.193737010561733,3.51492403256323,929563,1634658,0.188268501854644,3.43875663115187,928681,1635542,0.190449601557171,3.49196052182215,2788019,4904645,0.191913736272968,3.48971387659447,2750,2947,0.202361906548652,3.06056537517913,1389,1459,0.269383492524437,3.83408262902045,1366,1484,0.116111717169147,1.10864563544035,4139,4406,0.224853567075438,3.33986197738604
"102","eos_mindiff",FALSE,1858456,3269987,-0.132308842242701,2.72159607400262,929563,1634658,-0.127233204504458,2.6099187621778,928681,1635542,-0.128143090848408,2.64225560376069,2788019,4904645,-0.130616556414349,2.68487820168461,2750,2947,-0.113333100409893,1.98422642718914,1389,1459,-0.273568199850494,3.89644668924836,1366,1484,-0.0969148338634334,0.627072662287118,4139,4406,-0.16710612604966,2.77738400628296
"103","eos_tv",FALSE,1858456,3269987,0.054605954619334,1.22343047473219,929563,1634658,0.0538300885391003,1.2142306553254,928681,1635542,0.053466345162728,1.2119121920794,2788019,4904645,0.0543472704420955,1.22037067523296,2750,2947,0.051951327457133,0.698586070153036,1389,1459,0.0470618190973364,0.447503036098064,1366,1484,0.0263072875962785,0.190014008831894,4139,4406,0.0503104656277642,0.625608520638312
"104","hct_mean",FALSE,3200590,1927853,42.2972448178987,3.87460204693497,1599705,964516,42.2959523556964,3.87366067746982,1599487,964736,42.2981964786321,3.87585639368411,4800295,2892369,42.2968141030682,3.8742880040799,4199,1498,42.1974265353139,4.0676079173729,2080,768,41.9207490890301,4.28377936923608,2114,736,42.0055264517841,4.12540127843069,6279,2266,42.1057735510377,4.14217413590548
"105","hct_max",FALSE,3200590,1927853,44.2816974651549,3.46984882340012,1599705,964516,44.2828316283315,3.47058103515828,1599487,964736,44.2813663068221,3.47300467133383,4800295,2892369,44.2820754266144,3.47009253083976,4199,1498,44.9465539414146,3.38796863911849,2080,768,44.8306201923077,3.48470903604217,2114,736,44.7941438032166,3.46457576542907,6279,2266,44.908149386845,3.42047593270646
"106","hct_min",FALSE,3200590,1927853,40.206530180373,5.35762263431361,1599705,964516,40.2030592515495,5.35562204984403,1599487,964736,40.2080543386723,5.35546809011336,4800295,2892369,40.2053734885043,5.35695571176044,4199,1498,39.2206596808764,6.07023248785174,2080,768,38.8329807692308,6.22244063414971,2114,736,39.0130652790918,6.12975542186971,6279,2266,39.0922360248447,6.12329661910466
"107","hct_maxdiff",FALSE,2514466,2613977,0.403720236615936,1.33759983662641,1256516,1307705,0.403814713617481,1.33394577666573,1255240,1308983,0.402700401880229,1.32882966159071,3770982,3921682,0.403751716974122,1.33638321362011,3708,1989,0.70018731709738,1.71159545166872,1860,988,0.671762905012377,1.52764965527711,1863,987,0.653402978839052,1.56144263322218,5568,2977,0.690692093232778,1.65234396442496
"108","hct_mindiff",FALSE,2514466,2613977,-0.662217497128981,1.83006533635433,1256516,1307705,-0.665365488072097,1.83197095794314,1255240,1308983,-0.661753146742026,1.82160610907692,3770982,3921682,-0.6632664284121,1.8307008808003,3708,1989,-1.10195540723602,2.24487666390502,1860,988,-1.25118561802376,2.41743931049175,1863,987,-1.13497353978275,2.21452789430433,5568,2977,-1.15180601644313,2.30481740713069
"109","hct_tv",FALSE,2514466,2613977,0.158400347995417,0.405588378441804,1256516,1307705,0.158829324354097,0.405205713287774,1255240,1308983,0.158275220447831,0.402207440232486,3770982,3921682,0.158543285739035,0.405460908708376,3708,1989,0.269120446208583,0.542198499339297,1860,988,0.276222268647517,0.489907526835137,1863,987,0.258735840854297,0.4821380715996,5568,2977,0.27149282223883,0.525276469406826
"110","lymph_mean",FALSE,2486172,2642271,3.39537650548743,5.58632860439462,1243028,1321193,3.39978600370594,5.60684650079987,1242091,1322132,3.38769843650466,5.58916671230396,3729200,3963464,3.39684629250651,5.59317568787991,3280,2417,3.43142467421791,5.48061969092372,1657,1191,3.40702075996591,5.00592801732297,1664,1186,3.4904442081095,5.76823340096551,4937,3608,3.42323401472519,5.32552253151634
"111","lymph_max",FALSE,2486172,2642271,5.25198284000463,9.49536043837425,1243028,1321193,5.25493550829104,9.51392856824321,1242091,1322132,5.23084064790744,9.46774269938494,3729200,3963464,5.25296703215167,9.50155248056035,3280,2417,5.48325,9.5337827053626,1657,1191,5.64010863005432,9.38904425601096,1664,1186,5.59951322115385,9.65767865529005,4937,3608,5.53589629329552,9.48478854095938
"112","lymph_min",FALSE,2486172,2642271,2.32588776967161,4.48302239914525,1243028,1321193,2.3279348811129,4.49695026187188,1242091,1322132,2.32727953515483,4.50222069562375,3729200,3963464,2.32657011892631,4.4876691793083,3280,2417,2.10526493902439,4.08304802864965,1657,1191,2.01969764634882,3.55838753934214,1664,1186,2.23824098557692,4.62918370429482,4937,3608,2.07654608061576,3.91465023446777
"113","lymph_maxdiff",FALSE,1851361,3277082,0.379537677309834,2.57690044499933,925704,1638517,0.379468024197516,2.57174719792888,924316,1639907,0.377115265697911,2.5591833257,2777065,4915599,0.379514459212783,2.57518334989566,2753,2944,0.524637491510486,2.92716227782329,1406,1442,0.783516329941403,3.94213983436928,1383,1467,0.648259867232781,2.99675452127583,4159,4386,0.612154598226973,3.30713485525392
"114","lymph_mindiff",FALSE,1851361,3277082,-0.372228777363723,2.53278240652787,925704,1638517,-0.370368448475787,2.53396561534831,924316,1639907,-0.369896752080739,2.544321332724,2777065,4915599,-0.371608657239463,2.53317657312025,2753,2944,-0.564561194812031,3.40558796381364,1406,1442,-0.662082347230905,3.20939110843943,1383,1467,-0.561577717877891,2.81398767464735,4159,4386,-0.597529393970708,3.34048283670597
"115","lymph_tv",FALSE,1851361,3277082,0.108491715637255,0.677220788434418,925704,1638517,0.108014553020453,0.674738340520996,924316,1639907,0.108418188509891,0.688335638427314,2777065,4915599,0.108332658739766,0.676394220038836,2753,2944,0.158836601979609,0.801431327355865,1406,1442,0.174499452049068,0.773494864339258,1383,1467,0.165046408179127,0.685779953020794,4159,4386,0.164131616934564,0.792038892899366
"116","mch_mean",FALSE,3205081,1923362,30.6810292777971,2.03480249560985,1602593,961628,30.6785141021299,2.03502828939626,1602117,962106,30.6790612149234,2.03531642531867,4807674,2884990,30.6801908675975,2.03487789841965,4219,1478,30.9429947844258,1.96365135384119,2081,767,30.9199656073105,1.98787995351831,2130,720,30.8685207196447,1.96141635695806,6300,2245,30.9353878451279,1.9715593481387
"117","mch_max",FALSE,3205081,1923362,31.3448878483882,2.12618409549297,1602593,961628,31.3422865818084,2.12535149964542,1602117,962106,31.3427917561576,2.12667226362167,4807674,2884990,31.344020740591,2.1259067263381,4219,1478,31.8185446788338,2.00739789107881,2081,767,31.843455069678,1.98737786974167,2130,720,31.7608591549296,1.97752977598605,6300,2245,31.826773015873,2.00068364627064
"118","mch_min",FALSE,3205081,1923362,30.0014759346176,2.26463839074246,1602593,961628,29.9989608840173,2.2659814680291,1602117,962106,29.9996404195199,2.26585807846571,4807674,2884990,30.0006375661079,2.26508625606528,4219,1478,29.999485660109,2.3474972086438,2081,767,29.948616049976,2.49226094585279,2130,720,29.9208169014085,2.4121491247425,6300,2245,29.9826825396825,2.39620404366422
"119","mch_maxdiff",FALSE,2527281,2601162,0.108015062819652,0.405810596717414,1263252,1300969,0.108729070921426,0.409258212792754,1262267,1301956,0.108063800319858,0.408553177032885,3790533,3902131,0.108253016733411,0.406962896571075,3755,1942,0.186133391768218,0.540195439204634,1871,977,0.188785607626576,0.490954641926889,1891,959,0.185009575326285,0.510798415134204,5626,2919,0.18701542089566,0.52429099327408
"120","mch_mindiff",FALSE,2527281,2601162,-0.107720919088142,0.393479093210755,1263252,1300969,-0.108248474870568,0.39717252606455,1262267,1301956,-0.108322581702843,0.400126824244124,3790533,3902131,-0.107896734968722,0.394713850739376,3755,1942,-0.192395594387593,0.547878187379295,1871,977,-0.198740696507182,0.508633309071225,1891,959,-0.180652720472007,0.448087245283182,5626,2919,-0.194505741217624,0.535109381209905
"121","mch_tv",FALSE,2527281,2601162,0.0317894931019527,0.0996961913951384,1263252,1300969,0.031955839957405,0.100602895045711,1262267,1301956,0.0318742764476626,0.100379973122038,3790533,3902131,0.0318449306876019,0.0999992948387231,3755,1942,0.0537188752191243,0.146232651843678,1871,977,0.0544570581458727,0.120522214790392,1891,959,0.0533044437285954,0.120401437889322,5626,2919,0.0539643676215321,0.138203748549021
"122","mchc_mean",FALSE,3125492,2002951,33.7585439228573,0.991220017623577,1562549,1001672,33.7580213030111,0.993399379113215,1562532,1001691,33.7591517074311,0.988625423253006,4688041,3004623,33.7583697308829,0.991946867039485,4108,1589,33.8048042275284,0.871348277503742,2015,833,33.7683581165529,0.87724184897195,2064,786,33.7555152293806,0.899479440828743,6123,2422,33.792810284426,0.873388450060951
"123","mchc_max",FALSE,3125492,2002951,34.3252440031841,0.946826040868075,1562549,1001672,34.3248309909001,0.948946350645983,1562532,1001691,34.3249250639347,0.945159692545063,4688041,3004623,34.3251063439932,0.947533197348293,4108,1589,34.5169814995131,0.841849907213642,2015,833,34.501935483871,0.828340623467811,2064,786,34.4651308139535,0.868173841485877,6123,2422,34.5120300506288,0.837390439714416
"124","mchc_min",FALSE,3125492,2002951,33.1605294782389,1.45172666518346,1562549,1001672,33.1608180095472,1.44999115386387,1562532,1001691,33.1623153445817,1.44572974819539,4688041,3004623,33.1606256472586,1.45114829236812,4108,1589,33.0626752677702,1.23548053392087,2015,833,33.0038064516129,1.30378002583553,2064,786,33.005625,1.33450348846024,6123,2422,33.0433023027927,1.258563753867
"125","mchc_maxdiff",FALSE,2452731,2675712,0.121233635279914,0.427200457314923,1225829,1338392,0.121650491655666,0.426691539139861,1224987,1339236,0.121584437421431,0.436881787886107,3678560,4014104,0.121372546874188,0.427030921995466,3644,2053,0.202659139679253,0.50428323682382,1805,1043,0.202690277826275,0.43746378137264,1818,1032,0.209183318861176,0.501597820318251,5449,3096,0.202669454297601,0.483133352868254
"126","mchc_mindiff",FALSE,2452731,2675712,-0.126671060801727,0.419431623883217,1225829,1338392,-0.126926621517839,0.42187605820575,1224987,1339236,-0.127210910329642,0.43211116351367,3678560,4014104,-0.12675622285891,0.420247737170715,3644,2053,-0.221444267523638,0.516164051660123,1805,1043,-0.219564713189648,0.445447535865213,1818,1032,-0.221869075931871,0.498683971203813,5449,3096,-0.220821658682961,0.493821544388102
"127","mchc_tv",FALSE,2452731,2675712,0.0373071157478752,0.107485989686383,1225829,1338392,0.0373323343782628,0.106810242561978,1224987,1339236,0.0373705363546969,0.107899594796427,3678560,4014104,0.0373155195059951,0.107261265444286,3644,2053,0.0603801129069238,0.133282347281551,1805,1043,0.0613519671517959,0.120386429921542,1818,1032,0.0606823684126052,0.118065216192364,5449,3096,0.0607020429696865,0.129142973654734
"128","mcv_mean",FALSE,3172952,1955491,90.0956854942269,5.75735731677727,1586316,977905,90.0903341370603,5.76112818257342,1585895,978328,90.0891803850706,5.76287957128604,4759268,2933396,90.0939018284415,5.75861440915214,4170,1527,90.7907043615019,5.22273609071842,2061,787,90.8162165807416,5.07729619173276,2105,745,90.6904682085602,4.9971729398067,6231,2314,90.7991429241488,5.17468843652612
"129","mcv_max",FALSE,3172952,1955491,91.6570702802942,5.42688872001368,1586316,977905,91.6493004861579,5.4343696859364,1585895,978328,91.6499645752083,5.43081436265109,4759268,2933396,91.6544805230552,5.4293840174102,4170,1527,92.7865131894484,4.90096914510096,2061,787,92.8902231926249,4.84679583364861,2105,745,92.7464560570071,4.39552203445862,6231,2314,92.8208168833253,4.88297185944242
"130","mcv_min",FALSE,3172952,1955491,88.4183064540529,7.50508471223665,1586316,977905,88.4143821659745,7.50775661868416,1585895,978328,88.4121937013485,7.51488283720813,4759268,2933396,88.4169984459795,7.5059748327198,4170,1527,88.6065371702638,6.87458594922721,2061,787,88.5600194080543,7.13648922413711,2105,745,88.4193681710214,7.45013546651493,6231,2314,88.5911506981223,6.96176633286654
"131","mcv_maxdiff",FALSE,2483952,2644491,0.238417636902513,1.76122188582453,1241564,1322657,0.237502901265614,1.72287863969012,1240354,1323869,0.236715783028178,1.70577507030224,3725516,3967148,0.238112792463168,1.74853686916111,3703,1994,0.384784880271175,1.68028902003922,1833,1015,0.391486894940133,2.02756517470218,1848,1002,0.398273388640034,2.22458620829945,5536,3009,0.387003954131038,1.80251579911721
"132","mcv_mindiff",FALSE,2483952,2644491,-0.219650565577756,1.74938160391624,1241564,1322657,-0.218026947406674,1.69904845955559,1240354,1323869,-0.217774507244147,1.71100823134499,3725516,3967148,-0.219109479223286,1.73276998243238,3703,1994,-0.321611085584059,0.772161391368688,1833,1015,-0.377664483120129,2.05700715876891,1848,1002,-0.369208702589419,2.18684129149913,5536,3009,-0.340170673315926,1.34162798115934
"133","mcv_tv",FALSE,2483952,2644491,0.0694207678394121,0.442967823657353,1241564,1322657,0.0692017528338409,0.441423890901311,1240354,1323869,0.0688204942473888,0.420647411457113,3725516,3967148,0.0693477789846126,0.442453844581397,3703,1994,0.103245154274759,0.249509568034682,1833,1015,0.109397029607331,0.337753758486269,1848,1002,0.107829629140473,0.442257894517595,5536,3009,0.105282073979348,0.281788284834781
"134","mono_mean",FALSE,2378738,2749705,1.18364209704568,2.56759003906287,1189485,1374736,1.17905912285221,2.48840891846789,1188974,1375249,1.18257003215564,2.56553881315951,3568223,4124441,1.18211433965537,2.54146931374084,3075,2622,1.26469399610945,1.83975576571969,1533,1315,1.3557595318719,3.96502791304064,1564,1286,1.34485615783066,3.17665362819073,4608,3937,1.29498988723876,2.73646445674903
"135","mono_max",FALSE,2378738,2749705,1.83992225718007,3.78492052441634,1189485,1374736,1.8339493579154,3.7140892826955,1188974,1375249,1.83527880424635,3.77246411745294,3568223,4124441,1.83793116130914,3.76145731751862,3075,2622,2.06896975609756,3.32472597097924,1533,1315,2.28377168949772,5.38652917988975,1564,1286,2.1102442455243,4.28848548407101,4608,3937,2.14043055555556,4.12726527311222
"136","mono_min",FALSE,2378738,2749705,0.809472384516495,2.26825084462599,1189485,1374736,0.804978132553164,2.17634203274551,1188974,1375249,0.809416447458061,2.26267747373585,3568223,4124441,0.807974203125758,2.23803271060751,3075,2622,0.779562276422764,1.38164401272065,1533,1315,0.83319373776908,3.77880320336717,1564,1286,0.882872122762148,2.9346314281275,4608,3937,0.797404513888889,2.45413736064894
"137","mono_maxdiff",FALSE,1761512,3366931,0.17567658181671,1.22969256272857,881436,1682785,0.175868085639555,1.23209661010338,880029,1684194,0.174769846769972,1.24713227915702,2642948,5049716,0.175740449272139,1.23049461643625,2560,3137,0.277673690123105,1.39163974389463,1289,1559,0.404582530004652,1.85984581792418,1276,1574,0.311030249704971,1.37392967531792,3849,4696,0.32017446814527,1.56502757930822
"138","mono_mindiff",FALSE,1761512,3366931,-0.173622931140367,1.20220845069901,881436,1682785,-0.172530268887267,1.16686991626523,880029,1684194,-0.171806585825804,1.21516558523269,2642948,5049716,-0.173258522969747,1.19053935368486,2560,3137,-0.287205432169112,1.41738457777024,1289,1559,-0.353145592672859,1.53703124755336,1276,1574,-0.305463000488695,1.41594542333179,3849,4696,-0.309288276255714,1.45867895953031
"139","mono_tv",FALSE,1761512,3366931,0.0497914493647991,0.37896180880619,881436,1682785,0.0489544312322622,0.3511367657999,880029,1684194,0.0494742825471824,0.404072989304036,2642948,5049716,0.0495122997505537,0.369914854736186,2560,3137,0.0788037735481249,0.389344319410208,1289,1559,0.0892598840188945,0.391029702340582,1276,1574,0.0761706681856052,0.319461962747194,3849,4696,0.0823054431757742,0.389889979229727
"140","mpv_mean",FALSE,2590596,2537847,9.28973492663996,1.37675754147225,1295329,1268892,9.2891954049713,1.37673650662095,1295423,1268800,9.29008446825011,1.37489249958259,3885925,3806739,9.28955508321438,1.37675037612714,3285,2412,9.27059209997367,1.35574010472086,1651,1197,9.31983377983616,1.3910144384853,1675,1175,9.24183186043613,1.36332629045654,4936,3609,9.28706252409299,1.3676964067131
"141","mpv_max",FALSE,2590596,2537847,9.75793950542655,1.47741905636119,1295329,1268892,9.75759296055288,1.47882021404691,1295423,1268800,9.75876417355567,1.4758120111083,3885925,3806739,9.75782398862562,1.47788608272737,3285,2412,9.84715372907154,1.45504229414849,1651,1197,9.90779527559055,1.486387725184,1675,1175,9.81733134328358,1.43637311471432,4936,3609,9.86743719611021,1.4657300970618
"142","mpv_min",FALSE,2590596,2537847,8.82775527793604,1.46022563468062,1295329,1268892,8.82748163902761,1.46139260998751,1295423,1268800,8.82732942135503,1.45957252545081,3885925,3806739,8.82766406351126,1.46061455391271,3285,2412,8.69455403348554,1.43108387495054,1651,1197,8.74031253785584,1.44460367947259,1675,1175,8.64434626865672,1.50936165844643,4936,3609,8.70985940032415,1.43563617311808
"143","mpv_maxdiff",FALSE,2008571,3119872,0.0865293951055018,0.300710926289084,1004177,1560044,0.0875194507575103,0.317036454270281,1004072,1560151,0.0867081629439874,0.293227890064121,3012748,4679916,0.0868593898858376,0.306249389674135,2898,2799,0.144637349710584,0.358038542899233,1481,1367,0.14209720055075,0.291528913917161,1466,1384,0.150679310235233,0.406129933582522,4379,4166,0.143778258387059,0.33698514979112
"144","mpv_mindiff",FALSE,2008571,3119872,-0.0797096144724655,0.290704049168032,1004177,1560044,-0.0804058855557148,0.296125158944094,1004072,1560151,-0.0799606100956651,0.281250574102594,3012748,4679916,-0.0799416881167145,0.292522253254936,2898,2799,-0.133463152293511,0.412458780107278,1481,1367,-0.136021661464913,0.283896271696465,1466,1384,-0.141926931604912,0.400526841486052,4379,4166,-0.134328453066027,0.373925828125773
"145","mpv_tv",FALSE,2008571,3119872,0.0258052652594196,0.070035284021181,1004177,1560044,0.0259629999659051,0.0737772091732034,1004072,1560151,0.0259056978399727,0.0751405747486427,3012748,4679916,0.0258578397078482,0.0713043504834499,2898,2799,0.0416358402452138,0.0975310733108001,1481,1367,0.0423638248401758,0.0812957250630405,1466,1384,0.0412987713642757,0.0828085201126952,4379,4166,0.0418820483258575,0.0923513890515859
"146","neut_mean",FALSE,2203586,2924857,6.88459133420089,15.4201579523001,1101621,1462600,6.8956934787829,15.7635893871837,1101032,1463191,6.88135683660864,15.4413938245342,3305207,4387457,6.88829166389781,15.5354652130177,2981,2716,7.50515952256376,10.0976306681097,1497,1351,7.82056228653297,10.9395376377906,1470,1380,7.56682976949548,10.1957191557999,4478,4067,7.61059899055436,10.3865200599119
"147","neut_max",FALSE,2203586,2924857,10.0266529061267,22.0129840479272,1101621,1462600,10.0433059010313,22.2025601879976,1101032,1463191,9.99291781619426,21.7040111923961,3305207,4387457,10.0322033266903,22.0763484288696,2981,2716,11.8420697752432,17.33217033244,1497,1351,12.521456245825,18.5554063576409,1470,1380,12.348612244898,18.5824818352274,4478,4067,12.0691893702546,17.7513018153513
"148","neut_min",FALSE,2203586,2924857,5.06298078168948,13.6214735286461,1101621,1462600,5.07827435061605,14.0945419849278,1101032,1463191,5.07057013874256,13.6726964312631,3305207,4387457,5.06807810742262,13.7809507520888,2981,2716,4.87713988594431,7.74873621067591,1497,1351,5.03412825651303,8.80106856082921,1470,1380,4.77779591836735,7.54745346577843,4478,4067,4.92962125949084,8.11508159481589
"149","neut_maxdiff",FALSE,1614720,3513723,0.876799524010161,7.22577147243656,807784,1756437,0.874692164256302,7.13984381157158,806475,1757748,0.852840520044846,6.93897188513034,2422504,5270160,0.876096824864397,7.19723149585418,2494,3203,1.48644525359276,7.96015524741244,1269,1579,1.66601163598069,8.53330091083898,1217,1633,2.23711633968725,10.2698465938416,3763,4782,1.54700059221893,8.15724630005213
"150","neut_mindiff",FALSE,1614720,3513723,-1.01523957723545,6.99228446804148,807784,1756437,-1.01716438395208,7.35073902167762,806475,1757748,-0.999012447228108,7.18645078406222,2422504,5270160,-1.01588140406784,7.11381720627785,2494,3203,-1.84420654426576,8.7805101140108,1269,1579,-1.88632331962245,8.76252024315612,1217,1633,-2.17267543803993,9.51837195886387,3763,4782,-1.85840962370441,8.77330538009584
"151","neut_tv",FALSE,1614720,3513723,0.273441335644664,1.9541754686707,807784,1756437,0.272190894804803,1.94810352775111,806475,1757748,0.269807447393259,2.05996721074485,2422504,5270160,0.273024376125346,1.95215256561195,2494,3203,0.498109422578053,2.59800274647501,1269,1579,0.44968470781429,1.99312824002714,1217,1633,0.571369390405296,2.58312860145254,3763,4782,0.481779110849322,2.41087696121265
"152","platelet_mean",FALSE,3213709,1914734,230.68354337187,62.9330908639933,1606666,957555,230.732321451567,62.8864370919404,1606169,958054,230.595461334779,62.8842467880691,4820375,2872289,230.699801460129,62.9175423451879,4237,1460,228.723138972722,64.7649175282075,2095,753,229.178013955236,65.1051020868627,2139,711,228.888211488631,61.7120670151883,6332,2213,228.873638512894,64.8728790620012
"153","platelet_max",FALSE,3213709,1914734,262.093408768498,88.2682346021166,1606666,957555,262.171967260152,88.3081587837422,1606169,958054,261.952564518429,88.1761442760891,4820375,2872289,262.119592884371,88.2815422350711,4237,1460,274.075784753363,101.281131652351,2095,753,275.754224343675,98.5703295436275,2139,711,273.603412809724,94.1341677422345,6332,2213,274.631111813013,100.387663189773
"154","platelet_min",FALSE,3213709,1914734,206.062988416188,61.6759376195726,1606666,957555,206.117925673413,61.5804396353598,1606169,958054,206.022329449765,61.5960723981194,4820375,2872289,206.081299403055,61.644122937628,4237,1460,195.326221383054,61.1385047277161,2095,753,194.7723150358,63.5946638292922,2139,711,196.128237494156,59.5889965516726,6332,2213,195.142956411876,61.9574482610245
"155","platelet_maxdiff",FALSE,2532672,2595771,5.32538820024713,17.7858092952055,1265809,1298412,5.33159827219879,17.7151587411336,1264665,1299558,5.29788544055891,17.6142279918198,3798481,3894183,5.32745764984212,17.7622947742961,3777,1920,8.8024591465777,20.7039611674834,1879,969,9.5748094970836,22.8340178124511,1891,959,8.99727367596666,21.1742795492901,5656,2889,9.05904442037554,21.4361507718445
"156","platelet_mindiff",FALSE,2532672,2595771,-6.28761991636212,19.7022946652238,1265809,1298412,-6.31719321707755,19.7996398091947,1264665,1299558,-6.26612280695441,19.5653254899195,3798481,3894183,-6.29747494794061,19.7347897049351,3777,1920,-10.0674691939902,22.7145635879189,1879,969,-11.1786893657664,24.0121942508672,1891,959,-9.82731312605932,21.5141426335619,5656,2889,-10.4366316237581,23.1575139351668
"157","platelet_tv",FALSE,2532672,2595771,1.78612509367163,4.7898797121746,1265809,1298412,1.78943934688923,4.79214234773792,1264665,1299558,1.78076001353115,4.77297049809538,3798481,3894183,1.78722953819857,4.7906334574034,3777,1920,2.88710126199726,6.00364939801234,1879,969,3.10114513685524,6.32472241357443,1891,959,2.80493958517837,5.51476986196892,5656,2889,2.95820954361999,6.112457286416
"158","wbc_mean",FALSE,3218030,1910413,7.19800615047598,2.16031844274737,1608860,955361,7.20158337806205,2.17416561996859,1608178,956045,7.19435512446542,2.16099462027274,4826890,2865774,7.19919848309059,2.16494414414215,4249,1448,7.82589157661879,2.22203222163221,2091,757,7.81498679855693,2.21239888087184,2139,711,7.81079275297391,2.28601366179171,6340,2205,7.82229506385422,2.21869108261486
"159","wbc_max",FALSE,3218030,1910413,8.69320093069362,3.71286662615028,1608860,955361,8.69766901284139,3.72392047420282,1608178,956045,8.68728864528678,3.70894345183805,4826890,2865774,8.69469019575752,3.7165548694395,4249,1448,10.04176276771,4.20793913511114,2091,757,10.109531324725,4.16256835170676,2139,711,10.0264235624123,4.18705743037778,6340,2205,10.0641135646688,4.19282238344064
"160","wbc_min",FALSE,3218030,1910413,6.18402215858771,1.92740873888629,1608860,955361,6.18695098765586,1.93849518755658,1608178,956045,6.1821867175151,1.92944311886815,4826890,2865774,6.18499837224383,1.93111134884851,4249,1448,6.39766062602965,1.92785802624458,2091,757,6.36188378766141,1.99111606086334,2139,711,6.40875175315568,1.97491402131131,6340,2205,6.38586104100946,1.94886358376219
"161","wbc_maxdiff",FALSE,2535912,2592531,0.369540702545977,1.38195888518617,1267655,1296566,0.371051721291531,1.38744651914054,1266425,1297798,0.368440613896564,1.37567310312956,3803567,3889097,0.370044295743598,1.38379022573232,3769,1928,0.631893822065958,1.7203174657015,1878,970,0.679688184620173,1.78180750547948,1892,958,0.650084698815109,1.80946990915319,5647,2898,0.647788600333501,1.74099579622458
"162","wbc_mindiff",FALSE,2535912,2592531,-0.491631464319754,1.5274847972217,1267655,1296566,-0.492628131422307,1.52873160797806,1266425,1297798,-0.491032726413985,1.52314391487423,3803567,3889097,-0.491963634105612,1.52790031933919,3769,1928,-0.863978300554811,1.98802690052585,1878,970,-0.944094388513127,2.09162088194857,1892,958,-0.883242696368555,1.96327456311254,5647,2898,-0.890622184596907,2.02323436329018
"163","wbc_tv",FALSE,2535912,2592531,0.119964412293759,0.34453597134425,1267655,1296566,0.120202664003889,0.344919953044637,1266425,1297798,0.119634737182618,0.342415579688583,3803567,3889097,0.120043816960906,0.344663965470474,3769,1928,0.206043958698919,0.453578251399747,1878,970,0.21952274440828,0.457303193192898,1892,958,0.209222288403961,0.472244437689394,5647,2898,0.210526544064986,0.454824266560138
"164","crp_mean",FALSE,236992,4891451,8.34651012057063,21.5395885689964,118670,2445551,8.31951058522775,21.5421581132803,118525,2445698,8.24882271895834,21.3516431978771,355662,7337002,8.33750146949422,21.5404194332903,494,5203,12.8006163654782,28.6221857334725,235,2613,12.4955034141757,27.3853778811371,250,2600,10.6007407245902,20.9892744078471,729,7816,12.7022603386523,28.2109733329646
"165","crp_max",FALSE,236992,4891451,11.6268108442479,30.0338310473376,118670,2445551,11.6467072478301,30.2409483511595,118525,2445698,11.5857604994727,30.1407410926408,355662,7337002,11.6334494680343,30.1030550619604,494,5203,18.2650627530364,39.7074659137573,235,2613,18.5409659574468,39.8875263215221,250,2600,16.337428,33.729217978521,729,7816,18.3540027434842,39.7383997137584
"166","crp_min",FALSE,236992,4891451,6.25995549427829,19.0321421348473,118670,2445551,6.21317480576388,18.9869585078378,118525,2445698,6.15991011600928,18.8650621659429,355662,7337002,6.24434667380828,19.0170642232077,494,5203,9.3485020242915,25.9820484864595,235,2613,9.10482978723404,24.2860155487857,250,2600,7.353696,18.3550182833008,729,7816,9.26995198902606,25.4312550586666
"167","crp_maxdiff",FALSE,74070,5054373,0.601038897224178,6.73589784753409,36760,2527461,0.651802723321483,7.53369682652251,36865,2527358,0.700294215513431,6.92409198162255,110830,7581834,0.617876199825792,7.01058751767935,175,5522,0.113815650366002,6.06550415111177,82,2766,0.170434900120425,1.95141947672039,101,2749,0.169364510904472,2.11118373305492,257,8288,0.131880936279865,5.1197188258451
"168","crp_mindiff",FALSE,74070,5054373,-1.11633591873493,6.99650018386557,36760,2527461,-1.13389384054215,7.3789222636803,36865,2527358,-1.10401691735529,7.11089988278649,110830,7581834,-1.1221595152849,7.12558821879338,175,5522,-1.37155591854334,4.79329239513629,82,2766,-1.82138145585614,7.46154798303943,101,2749,-1.24194546953969,4.4326180289401,257,8288,-1.51508001994275,5.76855435375559
"169","crp_tv",FALSE,74070,5054373,0.865786480473793,4.48143708865363,36760,2527461,0.941740237601488,5.20776743956083,36865,2527358,0.898125568212531,4.85034276134892,110830,7581834,0.890978757943919,4.73482275805896,175,5522,1.16856885094576,4.56923705637619,82,2766,0.993485336071536,5.00231496010457,101,2749,0.622375324084035,2.04446624370498,257,8288,1.11270562830106,4.70262000015852
"170","alkphos_mean",FALSE,3079701,2048742,77.2231944656434,28.3427227708428,1539965,1024256,77.2184410492545,28.3129516209866,1540179,1024044,77.2008578882497,28.0708533375107,4619666,3072998,77.2216099149704,28.3327990624363,3953,1744,80.0153673294926,28.374755199021,1985,863,79.6952984990124,27.7695020652971,1983,867,80.4082464785089,31.2277928784148,5938,2607,79.9083722758545,28.1719389042227
"171","alkphos_max",FALSE,3079701,2048742,89.1938688470408,46.9735836962867,1539965,1024256,89.1657046549759,46.7005905024763,1540179,1024044,89.1210726083786,46.4789563153367,4619666,3072998,89.1844803176463,46.8827549075818,3953,1744,95.0910194788768,44.7851596411905,1985,863,95.8879093198993,47.3608206599134,1983,867,96.7463943519919,55.9121494125128,5938,2607,95.357409902324,45.6598968983444
"172","alkphos_min",FALSE,3079701,2048742,67.9417020358145,23.1591978923573,1539965,1024256,67.9479747435169,23.1891786307745,1540179,1024044,67.9477707293763,22.9669497856139,4619666,3072998,67.9437930420294,23.1691939567243,3953,1744,68.5291677207184,23.3308463723425,1985,863,68.0052896725441,23.7106885441805,1983,867,68.2941502773575,22.7432323478938,5938,2607,68.354041764904,23.4578123895148
"173","alkphos_maxdiff",FALSE,2440909,2687534,0.798075259794311,6.76861078420196,1219327,1344894,0.791551299550316,6.65182261008253,1218557,1345666,0.786289237723074,6.60806907163721,3660236,4032428,0.795901946141194,6.72993029228476,3487,2210,0.97989366452798,5.37128109504112,1769,1079,1.44213260225901,7.30371956523462,1720,1130,1.14090160310471,5.87020997501902,5256,3289,1.13546837549567,6.09373216472676
"174","alkphos_mindiff",FALSE,2440909,2687534,-1.24241041273895,7.53611576083728,1219327,1344894,-1.24973931520476,7.59085601542097,1218557,1345666,-1.24012941054298,7.38007642141014,3660236,4032428,-1.24485187516294,7.55439508313914,3487,2210,-1.73339230438671,7.26264110467118,1769,1079,-2.38107757966316,9.56771751252364,1720,1130,-2.04267065811043,9.11455379516972,5256,3289,-1.95138226861122,8.11676914441874
"175","alkphos_tv",FALSE,2440909,2687534,0.333249237769698,1.67901190822245,1219327,1344894,0.333675806299982,1.68032490837852,1218557,1345666,0.331265450706546,1.68340951153869,3660236,4032428,0.333391339679609,1.67944920182125,3487,2210,0.453955617899358,1.91063808568277,1769,1079,0.614544247630394,2.22882610949046,1720,1130,0.482647907302188,1.72069354475377,5256,3289,0.508004568811497,2.02453430338524
"176","alt_mean",FALSE,3203945,1924498,31.0224062148761,24.1493065393676,1602339,961882,31.0093614301299,24.3350903764779,1601921,962302,31.0300227104964,23.5784327227665,4806284,2886380,31.0180572901464,24.2114005909346,4108,1589,29.8573229828897,18.8883545097267,2061,787,30.448516511544,27.6552961834884,2052,798,29.9795392871891,22.6368090382429,6169,2376,30.05483471292,22.2051714986689
"177","alt_max",FALSE,3203945,1924498,43.1124693230377,64.4471312310592,1602339,961882,43.1434893907594,66.1379367063369,1601921,962302,43.1186086392525,64.375409014945,4806284,2886380,43.1228109225547,65.0157000263879,4108,1589,43.8232960077897,42.8445613292231,2061,787,47.8654536632703,108.577183097861,2052,798,44.7865984405458,59.5096604650668,6169,2376,45.1737396660723,71.8556330765765
"178","alt_min",FALSE,3203945,1924498,23.639317779862,16.1600531317913,1602339,961882,23.6216171010005,15.9516292334678,1601921,962302,23.6504512823666,15.4828462910812,4806284,2886380,23.6334166537391,16.0908684000513,4108,1589,21.4108325219085,12.4989720342133,2061,787,21.342891800097,13.1615254295782,2052,798,21.3923001949318,13.7281042958884,6169,2376,21.3881342194845,12.7231354744437
"179","alt_maxdiff",FALSE,2604233,2524210,1.05447070448677,23.0790392344536,1301058,1263163,1.05243299890028,22.0465694277513,1300434,1263789,1.02532409374556,21.0296245171506,3905291,3787373,1.05379183749454,22.7402741200225,3755,1942,1.16372753189962,9.21248661489348,1875,973,1.22151762357769,6.60245945589114,1850,1000,1.06724634050175,7.26048123082755,5630,2915,1.1829737880091,8.43288434612115
"180","alt_mindiff",FALSE,2604233,2524210,-1.27502353586749,17.7461853046123,1301058,1263163,-1.28595855708438,17.5201214985902,1300434,1263789,-1.27368802120118,17.3368544161333,3905291,3787373,-1.27866656703582,17.6711913072324,3755,1942,-1.44538819516305,9.8568760287622,1875,973,-2.73248250501021,30.7436474726894,1850,1000,-1.9143253208861,14.5993116423332,5630,2915,-1.87403860918853,19.4891905605787
"181","alt_tv",FALSE,2604233,2524210,0.340357484039549,4.50190187926263,1301058,1263163,0.341278117088982,4.22309184571644,1300434,1263789,0.335620317090125,3.72670710592192,3905291,3787373,0.340664195368879,4.41097308709272,3755,1942,0.372333527512189,1.97361834537544,1875,973,0.591886946132855,4.92138747331852,1850,1000,0.455368930622006,3.53295561510562,5630,2915,0.445453005294383,3.26676034580112
"182","ast_mean",FALSE,3160251,1968192,27.3978744593251,19.5699826761837,1580502,983719,27.3878041075288,19.3083038463809,1580405,983818,27.4167420701725,19.3205778301521,4740753,2951911,27.3945171422164,19.4831316350992,4075,1622,27.0259128590129,15.8810821156744,2031,817,27.7190834104895,19.2281747361918,2042,808,27.5969253353374,26.1121648194772,6106,2439,27.2564777771343,17.0689543594911
"183","ast_max",FALSE,3160251,1968192,37.8874962680496,65.3302257715211,1580502,983719,37.9644475173078,67.1543455715162,1580405,983818,37.9274332149038,64.9777641709434,4740753,2951911,37.9131507586665,65.9439723261251,4075,1622,39.5806380368098,44.0961653359403,2031,817,44.7363367799114,108.667140016576,2042,808,42.1296278158668,92.7313563342148,6106,2439,41.2955453652145,72.3187485065829
"184","ast_min",FALSE,3160251,1968192,21.7408568290936,12.2527270774985,1580502,983719,21.7237856198853,11.7751668757678,1580405,983818,21.750940242596,11.9565268559876,4740753,2951911,21.7351655221861,12.0956118511309,4075,1622,20.3451042944785,9.81905126548465,2031,817,20.4850320039389,10.0197766258525,2042,808,20.4632713026445,10.4402770689143,6106,2439,20.3916475597773,9.88566872780143
"185","ast_maxdiff",FALSE,2551260,2577183,1.25682652696473,26.4182873618947,1274891,1289330,1.28847172908415,27.6255542156757,1274112,1290111,1.23427680182231,25.3705978518206,3826151,3866513,1.26737085294016,26.8265909287937,3689,2008,1.35456390853241,10.9799419860783,1839,1009,2.84324876717169,53.8333335221448,1813,1037,1.58554317152279,19.1411472204766,5528,3017,1.8498047650877,32.3214273896624
"186","ast_mindiff",FALSE,2551260,2577183,-2.0367414158355,31.3960615753172,1274891,1289330,-2.07755643407357,31.949320800922,1274112,1290111,-2.06047736663267,31.7914202096036,3826151,3866513,-2.05034116645081,31.5814884895232,3689,2008,-2.2745874770168,17.6132875317499,1839,1009,-4.89492372048842,54.0657225734293,1813,1037,-3.6591389085843,47.4166675970275,5528,3017,-3.14629484889529,34.3599464219126
"187","ast_tv",FALSE,2551260,2577183,0.426642169247599,5.53570099430447,1274891,1289330,0.429000182041044,5.73480642599033,1274112,1290111,0.427321690517494,5.31417575627123,3826151,3866513,0.427427869887288,5.6028292676097,3689,2008,0.500652495987994,2.92858014408897,1839,1009,0.811531426631054,6.70959776879379,1813,1037,0.860068354178053,13.806510748864,5528,3017,0.604072603341935,4.55140538759383
"188","totprot_mean",FALSE,2673675,2454768,7.16168316048432,0.508663993790469,1336777,1227444,7.16133090444907,0.508637799946697,1336864,1227359,7.16155687790503,0.509551873897634,4010452,3682212,7.16156574534856,0.508655226613164,3459,2238,7.07212928799743,0.517977912662955,1743,1105,7.06049749976239,0.508546163352968,1710,1140,7.08558155605229,0.501584108454408,5202,3343,7.06823190105132,0.514817309812837
"189","totprot_max",FALSE,2673675,2454768,7.46020935109914,0.57952315862375,1336777,1227444,7.45955648960148,0.579272250105736,1336864,1227359,7.46015148960552,0.580849828802829,4010452,3682212,7.45999173716579,0.579439546556646,3459,2238,7.45471234460827,0.597663125289726,1743,1105,7.45333907056799,0.563928918117883,1710,1140,7.46712280701754,0.577696969269711,5202,3343,7.4542522106882,0.586522268697824
"190","totprot_min",FALSE,2673675,2454768,6.86135153416178,0.62110108411643,1336777,1227444,6.86132117907474,0.620791757631406,1336864,1227359,6.86130904145822,0.621190891989092,4010452,3682212,6.86134141610472,0.62099791828676,3459,2238,6.6753281295172,0.668936965307602,1743,1105,6.66240390131956,0.67501959305385,1710,1140,6.68959064327485,0.649326298681432,5202,3343,6.67099769319493,0.670944018657545
"191","totprot_maxdiff",FALSE,2053299,3075144,0.0221856503894814,0.109169171564759,1025426,1538795,0.0223468957083366,0.109771810748544,1025636,1538587,0.0222299778730123,0.10860759686554,3078725,4613939,0.0222393561093273,0.109370269015802,2982,2715,0.0329278737365817,0.140323812689482,1521,1327,0.0377085907365824,0.128830835551228,1457,1393,0.0371131395552309,0.131310693241703,4503,4042,0.0345426795453761,0.136554379194573
"192","totprot_mindiff",FALSE,2053299,3075144,-0.0531692642676815,0.230314151947323,1025426,1538795,-0.0533532180934878,0.230042901217858,1025636,1538587,-0.0533074290308899,0.229769190494071,3078725,4613939,-0.0532305334735317,0.23022382136235,2982,2715,-0.0831852650755919,0.277944268827149,1521,1327,-0.0970533606307527,0.294533607138415,1457,1393,-0.0887432034467822,0.293778472543551,4503,4042,-0.087869558510946,0.283699394350342
"193","totprot_tv",FALSE,2053299,3075144,0.0134673984953155,0.0553708681804157,1025426,1538795,0.013456481103831,0.0548738067271332,1025636,1538587,0.0134237021332647,0.0544408712608927,3078725,4613939,0.0134637622572363,0.0552058011221368,2982,2715,0.020566905226902,0.08353437209232,1521,1327,0.0232193703494678,0.0725462061069952,1457,1393,0.0195468727864857,0.0589102115717219,4503,4042,0.0214628411477153,0.0799935661272149
"194","hdl_mean",FALSE,3096429,2032014,45.5212049764839,13.702318864342,1548208,1016013,45.5149781000991,13.7106919150195,1548292,1015931,45.533193889639,13.7086496006936,4644637,3048027,45.5191293568318,13.7051092801869,4030,1667,42.9144257034493,12.7690398441189,2023,825,43.2907479337207,12.9451622364448,2007,843,43.112631935825,12.940562374054,6053,2492,43.0401980265683,12.8283304649945
"195","hdl_max",FALSE,3096429,2032014,50.4526892623729,16.3861818537512,1548208,1016013,50.4351107861476,16.3661580428846,1548292,1015931,50.4587249627331,16.3926186013518,4644637,3048027,50.4468297866981,16.3795103229857,4030,1667,48.7288039702233,16.1255976766959,2023,825,49.1589372219476,16.3518539712246,2007,843,49.0741903338316,16.7707424856233,6053,2492,48.8725607136957,16.2014871072363
"196","hdl_min",FALSE,3096429,2032014,41.008352282581,13.244957683605,1548208,1016013,41.0068629344377,13.2555020319959,1548292,1015931,41.0206406543469,13.2403160112167,4644637,3048027,41.0078558345894,13.248471980659,4030,1667,37.5439652605459,11.8718050244426,2023,825,37.9364508156204,11.9085078538859,2007,843,37.6404334828102,12.0745064389482,6053,2492,37.6751396001982,11.8845427904308
"197","hdl_maxdiff",FALSE,2430511,2697932,0.0620586002528682,0.344791721639908,1214795,1349426,0.0622106015864672,0.34784497536525,1213917,1350306,0.0613078472325617,0.30886407695625,3645306,4047358,0.0621092545628355,0.345812170406041,3600,2097,0.0820656606950779,0.520258616966958,1783,1065,0.0590003346343438,0.842041032117674,1766,1084,0.0819239501161905,0.339995982767571,5383,3162,0.0744257802629232,0.644888024506143
"198","hdl_mindiff",FALSE,2430511,2697932,-0.0695450874933138,0.419184059381157,1214795,1349426,-0.0694850371247477,0.418764865411405,1213917,1350306,-0.0701187889950671,0.440153168700021,3645306,4047358,-0.0695250757611074,0.419044353466486,3600,2097,-0.0842903627086962,0.443562464040783,1783,1065,-0.0958504271483688,0.848320946873504,1766,1084,-0.0846278972228507,0.326733600219465,5383,3162,-0.0881193790371258,0.608173560072727
"199","hdl_tv",FALSE,2430511,2697932,0.0426273093523888,0.16767634362877,1214795,1349426,0.0428447547805065,0.174445963665609,1213917,1350306,0.0428264547834366,0.171694650704891,3645306,4047358,0.042699772848965,0.169962278773531,3600,2097,0.0479975364302752,0.187046458731039,1783,1065,0.0639584412117322,0.797817572267371,1766,1084,0.0430811152833982,0.0836856039347207,5383,3162,0.053284234038549,0.483946232867827
"200","ldl_mean",FALSE,3096271,2032172,106.524615854077,30.7316560966144,1547850,1016371,106.554020338542,30.7376611525396,1548145,1016078,106.511439351978,30.7118128092167,4644121,3048543,106.534416143794,30.7336574825402,4036,1661,102.625698768541,29.1424819918637,2029,819,101.605602638053,28.8809856214281,2017,833,101.562342796896,29.0155626286503,6065,2480,102.284433302958,29.0568680332469
"201","ldl_max",FALSE,3096271,2032172,123.379538315477,37.0219489995499,1547850,1016371,123.421088929612,37.027077626939,1548145,1016078,123.361353997009,36.9825485039543,4644121,3048543,123.39338681729,37.0236596052224,4036,1661,123.572861744301,36.4861163051805,2029,819,122.29144898965,35.7488495514258,2017,833,122.405528011899,36.0817619782033,6065,2480,123.144174773289,36.2432348042907
"202","ldl_min",FALSE,3096271,2032172,91.1563171066098,31.9250801750817,1547850,1016371,91.1593609847208,31.9492659080994,1548145,1016078,91.1524069627845,31.9392227397786,4644121,3048543,91.1573316078973,31.9331397225496,4036,1661,83.9828344895937,29.9119922404903,2029,819,83.1046476096599,29.860136384615,2017,833,82.6823599405057,29.8458211424315,6065,2480,83.6890436933223,29.8950642255271
"203","ldl_maxdiff",FALSE,2427775,2700668,0.189086432327113,1.03155956576117,1212728,1351493,0.189725882814678,1.02964817224137,1211861,1352362,0.189838244361375,1.02180493158348,3640503,4052161,0.189299446713005,1.03092313671531,3602,2095,0.214542430288803,0.874620989856393,1782,1066,0.213051249600263,0.923608839585209,1769,1081,0.209229938530496,0.570155591364597,5384,3161,0.214048878285278,0.891047624448222
"204","ldl_mindiff",FALSE,2427775,2700668,-0.292972226655091,1.22800098960407,1212728,1351493,-0.292511772029587,1.22425571165908,1211861,1352362,-0.292385431860369,1.20619809515218,3640503,4052161,-0.292818839549771,1.22675447999878,3602,2095,-0.375763279190078,1.22751017385025,1782,1066,-0.373520563367473,0.991647456651019,1769,1081,-0.335358827229694,0.950085662179042,5384,3161,-0.375020983574201,1.15469767092218
"205","ldl_tv",FALSE,2427775,2700668,0.152018901386967,0.454990599374971,1212728,1351493,0.152602025349034,0.461360532703842,1211861,1352362,0.152972712425724,0.474653881871579,3640503,4052161,0.152213152224357,0.45712243683043,3602,2095,0.173073620397578,0.501960253011137,1782,1066,0.173776375726034,0.424422786694947,1769,1081,0.15150863388575,0.212723432778682,5384,3161,0.173306218836529,0.477652784977539
"206","trig_mean",FALSE,3121998,2006445,152.665802780478,107.602139852334,1560975,1003246,152.784859129047,108.932355203226,1560796,1003427,152.654341967522,107.717039649342,4682973,3009691,152.705487823229,108.047363023029,4056,1641,162.167989552318,99.8793703722098,2034,814,163.329066008359,113.947449733205,2030,820,164.40098023576,106.03991997686,6090,2455,162.555777649459,104.780283692784
"207","trig_max",FALSE,3121998,2006445,205.368098717552,203.468559967789,1560975,1003246,205.693755146623,208.072334334909,1560796,1003427,205.540685720619,206.77227146234,4682973,3009691,205.476649747928,205.014658058921,4056,1641,229.017233727811,194.484296536634,2034,814,234.871386430678,287.171219781984,2030,820,231.378226600985,186.507059945118,6090,2455,230.972463054187,229.632422496609
"208","trig_min",FALSE,3121998,2006445,114.056372914397,78.1049841310565,1560975,1003246,114.132022626884,79.1209083999653,1560796,1003427,113.985691640676,77.7313927867848,4682973,3009691,114.081589226758,78.4450836361364,4056,1641,113.740557199211,65.7838564374135,2034,814,114.585152409046,63.2682117388111,2030,820,115.648571428571,71.5554297884619,6090,2455,114.022643678161,64.9505169449036
"209","trig_maxdiff",FALSE,2459836,2668607,0.689613902913837,7.18495097977583,1229375,1334846,0.696945906899912,10.1653813035816,1228488,1335735,0.69575066672849,9.73048824726078,3689211,4003453,0.692057184797248,8.29792668136731,3640,2057,0.735298950023596,2.5446876485972,1787,1061,0.8683498954835,4.45248078412081,1789,1061,0.920055721486651,4.66673118311313,5427,3118,0.77910990258244,3.29728735385468
"210","trig_mindiff",FALSE,2459836,2668607,-1.38614702001933,27.0872884061196,1229375,1334846,-1.44048384406463,32.6469449726496,1228488,1335735,-1.41138609563273,26.6375238246349,3689211,4003453,-1.40425396295664,29.0583827969516,3640,2057,-1.425109915304,8.42054702143396,1787,1061,-2.15103911382996,21.4866174219379,1789,1061,-1.16674921173549,4.81423474838767,5427,3118,-1.66414353936258,14.1291513046917
"211","trig_tv",FALSE,2459836,2668607,0.554522512424365,6.89450076787073,1229375,1334846,0.566003284831914,6.93222422856728,1228488,1335735,0.560165188538091,6.04976301281866,3689211,4003453,0.558348310021339,6.90709562242407,3640,2057,0.539790646800216,1.74187964125254,1787,1061,0.700754497649263,3.30915482612953,1789,1061,0.498484314763259,1.11241869283636,5427,3118,0.592792747678647,2.37592630388781
